0;Audi; Sedan; 1997
1;Brilliance; Sedan; 2008
2;Chery; Universal; 1945
3;Changan; Sedan; 2006
4;Chevrolet; Universal; 1937
5;BMW; Universal; 2013
6;BMW; Pickup; 1974
7;Audi; Hatchback; 1955
8;Cadillac; Minivan; 1999
9;Brilliance; Pickup; 2009
10;Cadillac; Sedan; 1951
11;Changan; Pickup; 1918
12;Brilliance; Pickup; 1952
13;Toyota; Minivan; 1952
14;Bentley; Minivan; 1967
15;Chery; Universal; 2011
16;Bentley; Universal; 1901
17;Cadillac; Sedan; 1938
18;BMW; Pickup; 1998
19;Cadillac; Sedan; 1958
20;Chevrolet; Hatchback; 1983
21;Brilliance; Pickup; 1900
22;BMW; Hatchback; 2004
23;Brilliance; Sedan; 1940
24;Brilliance; Coupe; 2011
25;Cadillac; Sedan; 1979
26;Chrysler; Universal; 1912
27;BMW; Minivan; 1967
28;Changan; Hatchback; 2017
29;Brilliance; Coupe; 1990
30;Cadillac; Pickup; 1971
31;Bentley; Sedan; 1984
32;Changan; Minivan; 2015
33;Brilliance; Minivan; 1943
34;Chevrolet; Hatchback; 1933
35;Changan; Hatchback; 2009
36;Bentley; Coupe; 2005
37;Brilliance; Pickup; 1987
38;Chery; Sedan; 2016
39;Audi; Coupe; 2019
40;Toyota; Coupe; 1967
41;Audi; Minivan; 1995
42;Bentley; Hatchback; 1906
43;Aston Martin; Minivan; 2003
44;Chery; Minivan; 2017
45;Cadillac; Pickup; 2007
46;Chevrolet; Minivan; 2008
47;Aston Martin; Coupe; 2004
48;Chevrolet; Pickup; 2014
49;Toyota; Universal; 1991
50;Chery; Sedan; 1973
51;Brilliance; Hatchback; 2000
52;Bentley; Universal; 1982
53;Changan; Sedan; 1961
54;Chrysler; Coupe; 1900
55;Chery; Hatchback; 1970
56;Toyota; Hatchback; 1950
57;Brilliance; Coupe; 1962
58;Audi; Minivan; 2018
59;Chrysler; Sedan; 1970
60;Bentley; Minivan; 2013
61;Audi; Sedan; 1916
62;Brilliance; Minivan; 2001
63;Chery; Coupe; 1997
64;Chery; Pickup; 2002
65;Toyota; Pickup; 1987
66;Cadillac; Hatchback; 1972
67;Audi; Coupe; 1976
68;Changan; Sedan; 1980
69;Chevrolet; Minivan; 2013
70;Brilliance; Hatchback; 1995
71;Audi; Universal; 1941
72;Audi; Minivan; 1948
73;BMW; Minivan; 1968
74;Audi; Sedan; 1993
75;Brilliance; Universal; 1935
76;Changan; Minivan; 2019
77;Aston Martin; Hatchback; 1963
78;Changan; Universal; 1960
79;Audi; Universal; 1990
80;Chrysler; Universal; 1999
81;Toyota; Minivan; 1928
82;Toyota; Sedan; 2015
83;Cadillac; Hatchback; 1909
84;Bentley; Universal; 1982
85;Cadillac; Pickup; 1935
86;Chevrolet; Minivan; 1984
87;Changan; Minivan; 1965
88;Chrysler; Coupe; 1993
89;Changan; Minivan; 1997
90;Changan; Coupe; 1931
91;Chrysler; Sedan; 1947
92;Chery; Pickup; 1979
93;BMW; Hatchback; 1939
94;Cadillac; Coupe; 1993
95;Chevrolet; Sedan; 1946
96;Toyota; Sedan; 2008
97;Audi; Hatchback; 1907
98;Bentley; Minivan; 1927
99;Chrysler; Sedan; 1950
